<?xml version="1.0" encoding="UTF-8"?>
<!-- Created by Stephen Adjei-Kyei (GHSS) HO Configuration -->
<configuration>
	<supportedtestTypes>
		<testtype>		
			<testtypeid>111</testtypeid>
			<testtypename>FBC+Diff</testtypename>
		</testtype>	
		<testtype>		
			<testtypeid>112</testtypeid>
			<testtypename>FBC</testtypename>
		</testtype>
		<testtype>		
			<testtypeid>113</testtypeid>
			<testtypename>FBC+Ret</testtypename>
		</testtype>
		<testtype>		
			<testtypeid>114</testtypeid>
			<testtypename>FBC 8</testtypename>
		</testtype>
		<testtype>		
			<testtypeid>115</testtypeid>
			<testtypename>HGB+HCT+WBC</testtypename>
		</testtype>
		<testtype>		
			<testtypeid>116</testtypeid>
			<testtypename>PLT</testtypename>
		</testtype>
		<testtype>		
			<testtypeid>117</testtypeid>
			<testtypename>HGB</testtypename>
		</testtype>
	</supportedtestTypes>
	<supportedsamples>		
		<sample>
			<equipmentsampleid>1</equipmentsampleid>
			<lissampleid>25</lissampleid>
			<samplename>Whole Blood</samplename>
		</sample>		
	</supportedsamples>
	<supportedtests>
		<listest>
			<equipmenttestid>WBC</equipmenttestid>
			<listestid>541</listestid>
			<listestname>WBC</listestname>
		</listest>	
		<listest>
			<equipmenttestid>RBC</equipmenttestid>
			<listestid>542</listestid>
			<listestname>RBC</listestname>
		</listest>	
		<listest>
			<equipmenttestid>HGB</equipmenttestid>
			<listestid>543</listestid>
			<listestname>HGB</listestname>
		</listest>	
		<listest>
			<equipmenttestid>HCT</equipmenttestid>
			<listestid>544</listestid>
			<listestname>HCT</listestname>
		</listest>	
		<listest>
			<equipmenttestid>MCV</equipmenttestid>
			<listestid>545</listestid>
			<listestname>MCV</listestname>
		</listest>	
		<listest>
			<equipmenttestid>MCH</equipmenttestid>
			<listestid>546</listestid>
			<listestname>MCH</listestname>
		</listest>	
		<listest>
			<equipmenttestid>MCHC</equipmenttestid>
			<listestid>547</listestid>
			<listestname>MCHC</listestname>
		</listest>	
		<listest>
			<equipmenttestid>PLT</equipmenttestid>
			<listestid>548</listestid>
			<listestname>PLT</listestname>
		</listest>	
		<listest>
			<equipmenttestid>NEUT%</equipmenttestid>
			<listestid>556</listestid>
			<listestname>NEUT%</listestname>
		</listest>	
		<listest>
			<equipmenttestid>LYMPH%</equipmenttestid>
			<listestid>558</listestid>
			<listestname>LYMPH%</listestname>
		</listest>	
		<listest>
			<equipmenttestid>MONO%</equipmenttestid>
			<listestid>560</listestid>
			<listestname>MONO%</listestname>
		</listest>	
		<listest>
			<equipmenttestid>EO%</equipmenttestid>
			<listestid>562</listestid>
			<listestname>EO%</listestname>
		</listest>	
		<listest>
			<equipmenttestid>BASO%</equipmenttestid>
			<listestid>564</listestid>
			<listestname>BASO%</listestname>
		</listest>	
		<listest>
			<equipmenttestid>NEUT#</equipmenttestid>
			<listestid>555</listestid>
			<listestname>NEUT#</listestname>
		</listest>	
		<listest>
			<equipmenttestid>LYMPH#</equipmenttestid>
			<listestid>557</listestid>
			<listestname>LYMPH#</listestname>
		</listest>	
		<listest>
			<equipmenttestid>MONO#</equipmenttestid>
			<listestid>559</listestid>
			<listestname>MONO#</listestname>
		</listest>	
		<listest>
			<equipmenttestid>EO#</equipmenttestid>
			<listestid>561</listestid>
			<listestname>EO#</listestname>
		</listest>	
		<listest>
			<equipmenttestid>BASO#</equipmenttestid>
			<listestid>563</listestid>
			<listestname>BASO#</listestname>
		</listest>
		<listest>
			<equipmenttestid>RDW-SD</equipmenttestid>
			<listestid>549</listestid>
			<listestname>RDW-SD</listestname>
		</listest>	
		<listest>
			<equipmenttestid>RDW-CV</equipmenttestid>
			<listestid>550</listestid>
			<listestname>RDW-CV</listestname>
		</listest>
		<listest>
			<equipmenttestid>PDW</equipmenttestid>
			<listestid>551</listestid>
			<listestname>PDW</listestname>
		</listest>	
		<listest>
			<equipmenttestid>MPV</equipmenttestid>
			<listestid>552</listestid>
			<listestname>MPV</listestname>
		</listest>
		<listest>
			<equipmenttestid>P-LCR</equipmenttestid>
			<listestid>553</listestid>
			<listestname>P-LCR</listestname>
		</listest>	
		<listest>
			<equipmenttestid>PCT</equipmenttestid>
			<listestid>554</listestid>
			<listestname>PCT</listestname>
		</listest>
		<listest>
			<equipmenttestid>RET#</equipmenttestid>
			<listestid>565</listestid>
			<listestname>RET#</listestname>
		</listest>	
		<listest>
			<equipmenttestid>RET%</equipmenttestid>
			<listestid>566</listestid>
			<listestname>RET%</listestname>
		</listest>
			
	</supportedtests>
</configuration>
